id,lon,lat,taxonomy,number,structural,night,occupancy,id_1,name_1
Res_0,16.520205662679903,47.5414487400043,CR+PC/LWAL+CDH/HBET:3-5,5.576678189979877,4475953.448841649,46.127387895303706,Res,AUT.1_1,Burgenland
Res_1,16.520205662679903,47.5414487400043,W/LWAL+CDN/H:2,797.72,100791922.0,1099.7209754114226,Res,AUT.1_1,Burgenland
Res_2,16.520205662679903,47.5414487400043,W/LWAL+CDN/H:1,761.46,136720143.0,1049.733658347267,Res,AUT.1_1,Burgenland
Res_3,16.520205662679903,47.5414487400043,W/LWAL+CDM/HBET:3-5,64.85919199215728,47099448.04086477,536.4815766084234,Res,AUT.1_1,Burgenland
Res_4,16.520205662679903,47.5414487400043,W/LWAL+CDM/H:2,285.38044476549203,36057819.19611992,393.4198228461772,Res,AUT.1_1,Burgenland
Res_5,16.520205662679903,47.5414487400043,W/LWAL+CDM/H:1,272.40860636706054,48910965.27320572,375.53710362589635,Res,AUT.1_1,Burgenland
Res_6,16.520205662679903,47.5414487400043,W/LWAL+CDL/HBET:3-5,89.88000000000002,65269058.40000002,743.4407155641983,Res,AUT.1_1,Burgenland
Res_7,16.520205662679903,47.5414487400043,W/LWAL+CDL/H:2,282.48,35691348.0,389.4213272002942,Res,AUT.1_1,Burgenland
Res_8,16.520205662679903,47.5414487400043,W/LWAL+CDL/H:1,269.64,48413862.0,371.72035778209886,Res,AUT.1_1,Burgenland
Res_9,16.520205662679903,47.5414487400043,W/LWAL+CDH/HBET:3-5,25.943676796862913,18839779.21634591,214.5926306433694,Res,AUT.1_1,Burgenland
Res_10,16.520205662679903,47.5414487400043,MUR+CL/LWAL+CDN/H:2,52228.66593055054,6599091940.325061,72001.4033013869,Res,AUT.1_1,Burgenland
Res_11,16.520205662679903,47.5414487400043,MUR+CL/LWAL+CDN/H:1,47879.68111552552,8596796744.292606,66005.97906377375,Res,AUT.1_1,Burgenland
Res_12,16.520205662679903,47.5414487400043,MIX/LH+CDN/H:2,1006.0,133798000.0,1386.8516537931744,Res,AUT.1_1,Burgenland
Res_13,16.520205662679903,47.5414487400043,MIX/LH+CDM/H:2,289.946855167432,38562931.737268455,399.7149856869612,Res,AUT.1_1,Burgenland
Res_14,16.520205662679903,47.5414487400043,MIX/LH+CDL/H:2,287.0,38171000.0,395.65250958115416,Res,AUT.1_1,Burgenland
Res_15,16.520205662679903,47.5414487400043,MIX(MUR+W)/LWAL+CDN/H:2,275.88,36692040.0,380.3226980601004,Res,AUT.1_1,Burgenland
Res_16,16.520205662679903,47.5414487400043,MIX(MUR+W)/LWAL+CDN/H:1,263.34000000000003,49771260.00000001,363.0353026937322,Res,AUT.1_1,Burgenland
Res_17,16.520205662679903,47.5414487400043,MIX(MUR+W)/LWAL+CDM/H:2,88.9035653475053,11824174.191218207,122.56069247544464,Res,AUT.1_1,Burgenland
Res_18,16.520205662679903,47.5414487400043,MIX(MUR+W)/LWAL+CDM/H:1,84.86249419534596,16039011.402920386,116.98975190837892,Res,AUT.1_1,Burgenland
Res_19,16.520205662679903,47.5414487400043,MIX(MUR+W)/LWAL+CDL/H:2,88.0,11704000.0,121.31505520258385,Res,AUT.1_1,Burgenland
Res_20,16.520205662679903,47.5414487400043,MIX(MUR+W)/LWAL+CDL/H:1,84.0,15876000.0,115.80073451155731,Res,AUT.1_1,Burgenland
Res_21,16.520205662679903,47.5414487400043,CR/LWAL+CDN/HBET:3-5,24.080000000000005,19327089.6,199.17726335987857,Res,AUT.1_1,Burgenland
Res_22,16.520205662679903,47.5414487400043,CR/LWAL+CDN/H:2,151.36,21137424.000000004,208.66189494844426,Res,AUT.1_1,Burgenland
Res_23,16.520205662679903,47.5414487400043,CR/LWAL+CDN/H:1,144.48,28672056.0,199.17726335987857,Res,AUT.1_1,Burgenland
Res_24,16.520205662679903,47.5414487400043,CR/LWAL+CDM/HBET:3-5,13.941695474949697,11189883.622104123,115.31846973825924,Res,AUT.1_1,Burgenland
Res_25,16.520205662679903,47.5414487400043,CR/LWAL+CDM/H:2,122.6869201795573,17133228.403075173,169.13375561611358,Res,AUT.1_1,Burgenland
Res_26,16.520205662679903,47.5414487400043,CR/LWAL+CDM/H:1,117.11024198957745,23240527.52283164,161.44585763356295,Res,AUT.1_1,Burgenland
Res_27,16.520205662679903,47.5414487400043,CR/LWAL+CDL/HBET:3-5/3.0,19.32,15506618.4,159.8050136259491,Res,AUT.1_1,Burgenland
Res_28,16.520205662679903,47.5414487400043,CR/LWAL+CDL/H:2/3.0,121.44,16959096.0,167.4147761795657,Res,AUT.1_1,Burgenland
Res_29,16.520205662679903,47.5414487400043,CR/LWAL+CDL/H:1/3.0,115.92,23004324.0,159.8050136259491,Res,AUT.1_1,Burgenland
Res_30,16.520205662679903,47.5414487400043,CR/LWAL+CDH/HBET:3-5,5.576678189979877,4475953.448841649,46.127387895303706,Res,AUT.1_1,Burgenland
Res_31,16.520205662679903,47.5414487400043,CR/LFINF+CDN/HBET:3-5,11107.32,8914957178.4,91873.98674677932,Res,AUT.1_1,Burgenland
Res_32,16.520205662679903,47.5414487400043,CR/LFINF+CDM/HBET:3-5,2511.0812032402873,2015443995.3447196,20770.3605538136,Res,AUT.1_1,Burgenland
Res_33,16.520205662679903,47.5414487400043,CR/LFINF+CDM/H:2,426.3330065528096,59537404.36509986,587.7342298254275,Res,AUT.1_1,Burgenland
Res_34,16.520205662679903,47.5414487400043,CR/LFINF+CDL/HBET:3-5/3.0,2485.56,1994960167.2,20559.262405181886,Res,AUT.1_1,Burgenland
Res_35,16.520205662679903,47.5414487400043,CR+PC/LWAL+CDN/HBET:3-5,24.080000000000005,19327089.6,199.17726335987857,Res,AUT.1_1,Burgenland
Res_36,16.520205662679903,47.5414487400043,CR+PC/LWAL+CDM/HBET:3-5,13.941695474949697,11189883.622104123,115.31846973825924,Res,AUT.1_1,Burgenland
Res_37,16.520205662679903,47.5414487400043,CR+PC/LWAL+CDL/HBET:3-5/3.0,19.32,15506618.4,159.8050136259491,Res,AUT.1_1,Burgenland
Res_38,16.520205662679903,47.5414487400043,W/LWAL+CDN/HBET:3-5,253.82,184319007.6,2099.467316694534,Res,AUT.1_1,Burgenland
Res_39,15.749883554235302,48.271790621452595,CR+PC/LWAL+CDL/HBET:3-5/8.0,138.39,111074581.79999998,1361.3643899429114,Res,AUT.3_1,Lower Austria
Res_40,15.749883554235302,48.271790621452595,CR+PC/LWAL+CDM/HBET:3-5,97.18977258938679,78006455.27569364,956.0712151878093,Res,AUT.3_1,Lower Austria
Res_41,15.749883554235302,48.271790621452595,CR+PC/LWAL+CDN/HBET:3-5,195.44,156864052.79999998,1922.5742927266613,Res,AUT.3_1,Lower Austria
Res_42,15.749883554235302,48.271790621452595,CR/LFINF+CDL/HBET:3-5/8.0,11990.44,9623766952.8,117951.86094188226,Res,AUT.3_1,Lower Austria
Res_43,15.749883554235302,48.271790621452595,CR/LFINF+CDM/H:2,3665.3866688238145,511871248.3012457,6009.498381757127,Res,AUT.3_1,Lower Austria
Res_44,15.749883554235302,48.271790621452595,CR/LFINF+CDM/HBET:3-5,11789.055506795017,9462131730.863815,115970.80972621664,Res,AUT.3_1,Lower Austria
Res_45,15.749883554235302,48.271790621452595,CR/LFINF+CDN/HBET:3-5,50304.24000000001,40375189108.80001,494850.79123594076,Res,AUT.3_1,Lower Austria
Res_46,15.749883554235302,48.271790621452595,CR/LWAL+CDH/HBET:3-5,38.87590903575472,31202582.11027745,382.4284860751236,Res,AUT.3_1,Lower Austria
Res_47,15.749883554235302,48.271790621452595,CR/LWAL+CDL/H:1/8.0,830.3399999999997,164780972.99999997,1361.3643899429114,Res,AUT.3_1,Lower Austria
Res_48,15.749883554235302,48.271790621452595,CR/LWAL+CDL/H:2/8.0,869.88,121478742.0,1426.1912656544794,Res,AUT.3_1,Lower Austria
Res_49,15.749883554235302,48.271790621452595,CR/LWAL+CDL/HBET:3-5/8.0,138.39,111074581.79999998,1361.3643899429114,Res,AUT.3_1,Lower Austria
Res_50,15.749883554235302,48.271790621452595,CR/LWAL+CDM/H:1,816.3940897508493,162013407.11105603,1338.499701262933,Res,AUT.3_1,Lower Austria
Res_51,15.749883554235302,48.271790621452595,CR/LWAL+CDM/H:2,855.269998786604,119438455.33054924,1402.2377822754536,Res,AUT.3_1,Lower Austria
Res_52,15.749883554235302,48.271790621452595,CR/LWAL+CDM/HBET:3-5,97.18977258938679,78006455.27569364,956.0712151878093,Res,AUT.3_1,Lower Austria
Res_53,15.749883554235302,48.271790621452595,CR/LWAL+CDN/H:1,1172.64,232710408.00000003,1922.5742927266613,Res,AUT.3_1,Lower Austria
Res_54,15.749883554235302,48.271790621452595,CR/LWAL+CDN/H:2,1228.48,171557232.0,2014.1254495231685,Res,AUT.3_1,Lower Austria
Res_55,15.749883554235302,48.271790621452595,CR/LWAL+CDN/HBET:3-5,195.44,156864052.79999998,1922.5742927266613,Res,AUT.3_1,Lower Austria
Res_56,15.749883554235302,48.271790621452595,MIX(MUR+W)/LWAL+CDL/H:1,676.6199999999999,127881180.0,1109.3363845210067,Res,AUT.3_1,Lower Austria
Res_57,15.749883554235302,48.271790621452595,MIX(MUR+W)/LWAL+CDL/H:2,708.84,94275720.0,1162.161926641055,Res,AUT.3_1,Lower Austria
Res_58,15.749883554235302,48.271790621452595,MIX(MUR+W)/LWAL+CDM/H:1,665.25588193658,125733361.6860136,1090.704612410008,Res,AUT.3_1,Lower Austria
Res_59,15.749883554235302,48.271790621452595,MIX(MUR+W)/LWAL+CDM/H:2,696.9347334573697,92692319.54983015,1142.6429272866749,Res,AUT.3_1,Lower Austria
Res_60,15.749883554235302,48.271790621452595,MIX(MUR+W)/LWAL+CDN/H:1,2885.4000000000005,545340600.0000001,4730.689609968541,Res,AUT.3_1,Lower Austria
Res_61,15.749883554235302,48.271790621452595,MIX(MUR+W)/LWAL+CDN/H:2,3022.8,402032400.0,4955.960543776567,Res,AUT.3_1,Lower Austria
Res_62,15.749883554235302,48.271790621452595,MIX/LH+CDL/H:2,2553.0,339549000.0,4185.711019009386,Res,AUT.3_1,Lower Austria
Res_63,15.749883554235302,48.271790621452595,MIX/LH+CDM/H:2,2510.1212890309016,333846131.44110984,4115.410238365331,Res,AUT.3_1,Lower Austria
Res_64,15.749883554235302,48.271790621452595,MIX/LH+CDN/H:2,8087.0,1075571000.0,13258.85037631371,Res,AUT.3_1,Lower Austria
Res_65,15.749883554235302,48.271790621452595,MUR+CL/LWAL+CDN/H:1,218023.9306384485,39146196746.13343,357456.0003451203,Res,AUT.3_1,Lower Austria
Res_66,15.749883554235302,48.271790621452595,MUR+CL/LWAL+CDN/H:2,245542.0225736127,31024234552.175964,402572.6398418417,Res,AUT.3_1,Lower Austria
Res_67,15.749883554235302,48.271790621452595,W/LWAL+CDH/HBET:3-5,196.32629024429696,142568225.4496036,1931.2928704977414,Res,AUT.3_1,Lower Austria
Res_68,15.749883554235302,48.271790621452595,W/LWAL+CDL/H:1,2096.64,376451712.0,3437.4967296889313,Res,AUT.3_1,Lower Austria
Res_69,15.749883554235302,48.271790621452595,W/LWAL+CDL/H:2,2196.48,277525248.0,3601.187050150309,Res,AUT.3_1,Lower Austria
Res_70,15.749883554235302,48.271790621452595,W/LWAL+CDL/HBET:3-5,698.8800000000001,507512678.4000001,6874.993459377863,Res,AUT.3_1,Lower Austria
Res_71,15.0087403431233,47.2691488324249,CR/LWAL+CDN/H:1,362.46,71930187.0,744.8220303585422,Res,AUT.6_1,Styria
Res_72,15.0087403431233,47.2691488324249,CR/LWAL+CDN/H:2,379.72,53027898.00000001,780.2897460899013,Res,AUT.6_1,Styria
Res_73,15.0087403431233,47.2691488324249,CR/LWAL+CDN/HBET:3-5,60.41000000000001,48486274.2,744.8220303585422,Res,AUT.6_1,Styria
Res_74,15.0087403431233,47.2691488324249,MIX(MUR+W)/LWAL+CDL/H:1,905.52,171143280.0,1860.7604837230786,Res,AUT.6_1,Styria
Res_75,15.0087403431233,47.2691488324249,MIX(MUR+W)/LWAL+CDL/H:2,948.64,126169120.0,1949.36812580513,Res,AUT.6_1,Styria
Res_76,15.0087403431233,47.2691488324249,MIX(MUR+W)/LWAL+CDM/H:1,1057.885315351051,199940324.60134867,2173.8572213934126,Res,AUT.6_1,Styria
Res_77,15.0087403431233,47.2691488324249,MIX(MUR+W)/LWAL+CDM/H:2,1108.260806558244,147398687.27224645,2277.3742319359562,Res,AUT.6_1,Styria
Res_78,15.0087403431233,47.2691488324249,MIX(MUR+W)/LWAL+CDN/H:1,5757.359999999999,1088141039.9999998,11830.846340851554,Res,AUT.6_1,Styria
Res_79,15.0087403431233,47.2691488324249,MIX(MUR+W)/LWAL+CDN/H:2,6031.52,802192160.0,12394.219976130205,Res,AUT.6_1,Styria
Res_80,15.0087403431233,47.2691488324249,MIX/LH+CDL/H:2,1137.0,151221000.0,2336.430636532755,Res,AUT.6_1,Styria
Res_81,15.0087403431233,47.2691488324249,MIX/LH+CDM/H:2,1328.3147843826143,176665866.32288772,2729.5649579515757,Res,AUT.6_1,Styria
Res_82,15.0087403431233,47.2691488324249,MIX/LH+CDN/H:2,3378.0,449274000.0,6941.4799386171035,Res,AUT.6_1,Styria
Res_83,15.0087403431233,47.2691488324249,MUR+CL/LWAL+CDN/H:1,126573.60585481953,22726290931.232845,260097.1420366069,Res,AUT.6_1,Styria
Res_84,15.0087403431233,47.2691488324249,MUR+CL/LWAL+CDN/H:2,137918.92041933473,17426055594.98294,283410.72209785104,Res,AUT.6_1,Styria
Res_85,15.0087403431233,47.2691488324249,W/LWAL+CDH/HBET:3-5,84.02145936042011,61014703.35834988,1035.9383207170308,Res,AUT.6_1,Styria
Res_86,15.0087403431233,47.2691488324249,W/LWAL+CDL/H:1,755.16,135588978.0,1551.7844850343668,Res,AUT.6_1,Styria
Res_87,15.0087403431233,47.2691488324249,W/LWAL+CDL/H:2,791.12,99958012.0,1625.6789843217175,Res,AUT.6_1,Styria
Res_88,15.0087403431233,47.2691488324249,W/LWAL+CDL/HBET:3-5,251.72000000000003,182794029.6,3103.568970068734,Res,AUT.6_1,Styria
Res_89,15.0087403431233,47.2691488324249,W/LWAL+CDM/H:1,882.225323284411,158403556.79571602,1812.892061254804,Res,AUT.6_1,Styria
Res_90,15.0087403431233,47.2691488324249,W/LWAL+CDM/H:2,924.2360529646213,116777225.29207991,1899.2202546478907,Res,AUT.6_1,Styria
Res_91,15.0087403431233,47.2691488324249,W/LWAL+CDM/HBET:3-5,210.05364840105025,152536758.39587468,2589.845801792577,Res,AUT.6_1,Styria
Res_92,15.0087403431233,47.2691488324249,W/LWAL+CDN/H:1,5066.04,909607482.0,10410.247196042566,Res,AUT.6_1,Styria
Res_93,15.0087403431233,47.2691488324249,W/LWAL+CDN/H:2,5307.280000000002,670574828.0000002,10905.973252996977,Res,AUT.6_1,Styria
Res_94,15.0087403431233,47.2691488324249,W/LWAL+CDN/HBET:3-5,1688.6800000000005,1226285642.4000006,20820.494392085136,Res,AUT.6_1,Styria
Res_95,15.749883554235302,48.271790621452595,W/LWAL+CDM/H:1,2061.4260475651186,370129046.840317,3379.762523371048,Res,AUT.3_1,Lower Austria
Res_96,15.749883554235302,48.271790621452595,W/LWAL+CDM/H:2,2159.5891926872673,272864094.49603623,3540.7035959125265,Res,AUT.3_1,Lower Austria
Res_97,15.749883554235302,48.271790621452595,W/LWAL+CDM/HBET:3-5,490.81572561074256,356420563.62400913,4828.232176244354,Res,AUT.3_1,Lower Austria
Res_98,15.749883554235302,48.271790621452595,W/LWAL+CDN/H:1,4913.58,882233289.0,8055.944359100721,Res,AUT.3_1,Lower Austria
Res_99,15.749883554235302,48.271790621452595,W/LWAL+CDN/H:2,5147.56,650394206.0,8439.560757153136,Res,AUT.3_1,Lower Austria
Res_100,15.749883554235302,48.271790621452595,CR+PC/LWAL+CDH/HBET:3-5,38.87590903575472,31202582.11027745,382.4284860751236,Res,AUT.3_1,Lower Austria
Res_101,15.749883554235302,48.271790621452595,W/LWAL+CDN/HBET:3-5,1637.86,1189381174.8,16111.888718201442,Res,AUT.3_1,Lower Austria
Res_102,15.0087403431233,47.2691488324249,CR/LWAL+CDM/HBET:3-5,35.9240805802686,28833385.555335186,442.9241290607438,Res,AUT.6_1,Styria
Res_103,15.0087403431233,47.2691488324249,CR/LWAL+CDM/H:2,316.13190910636365,44147821.10670368,649.6220559557573,Res,AUT.6_1,Styria
Res_104,15.0087403431233,47.2691488324249,CR/LWAL+CDM/H:1,301.76227687425614,59884723.84569613,620.0937806850411,Res,AUT.6_1,Styria
Res_105,15.0087403431233,47.2691488324249,CR/LWAL+CDL/HBET:3-5/8.0,43.05,34552790.99999999,530.7827910434569,Res,AUT.6_1,Styria
Res_106,15.0087403431233,47.2691488324249,CR/LWAL+CDL/H:2/8.0,270.6,37789290.0,556.0581620455264,Res,AUT.6_1,Styria
Res_107,15.0087403431233,47.2691488324249,CR/LWAL+CDL/H:1/8.0,258.3,51259635.0,530.782791043457,Res,AUT.6_1,Styria
Res_108,15.0087403431233,47.2691488324249,CR/LWAL+CDH/HBET:3-5,14.369632232107437,11533354.222134072,177.16965162429747,Res,AUT.6_1,Styria
Res_109,15.0087403431233,47.2691488324249,CR/LFINF+CDN/HBET:3-5,30183.439999999995,24225832612.799995,372145.1922530248,Res,AUT.6_1,Styria
Res_110,15.0087403431233,47.2691488324249,CR/LFINF+CDM/HBET:3-5,7856.450390056855,6305744212.067432,96865.70652099498,Res,AUT.6_1,Styria
Res_111,15.0087403431233,47.2691488324249,CR/LFINF+CDM/H:2,1584.164333881113,221228549.2264974,3255.3122981374986,Res,AUT.6_1,Styria
Res_112,15.0087403431233,47.2691488324249,CR/LFINF+CDL/HBET:3-5/8.0,6724.900000000002,5397539238.000001,82914.31339112995,Res,AUT.6_1,Styria
Res_113,15.0087403431233,47.2691488324249,CR+PC/LWAL+CDN/HBET:3-5,60.41000000000001,48486274.2,744.8220303585422,Res,AUT.6_1,Styria
Res_114,15.0087403431233,47.2691488324249,CR+PC/LWAL+CDM/HBET:3-5,35.9240805802686,28833385.555335186,442.9241290607438,Res,AUT.6_1,Styria
Res_115,15.0087403431233,47.2691488324249,CR+PC/LWAL+CDL/HBET:3-5/8.0,43.05,34552790.99999999,530.7827910434569,Res,AUT.6_1,Styria
Res_116,15.0087403431233,47.2691488324249,CR+PC/LWAL+CDH/HBET:3-5,14.369632232107437,11533354.222134072,177.16965162429747,Res,AUT.6_1,Styria
Res_117,16.3800379986409,48.211410453703394,W/LWAL+CDL/HBET:3-5,685.1,895510652.4000002,6593.520843689104,Res,AUT.9_1,Vienna
Res_118,16.3800379986409,48.211410453703394,W/LWAL+CDL/H:2,895.9000000000003,203754537.0000001,1437.0494146501894,Res,AUT.9_1,Vienna
Res_119,16.3800379986409,48.211410453703394,W/LWAL+CDL/H:1,1054.0,340642260.0,1690.6463701766932,Res,AUT.9_1,Vienna
Res_120,16.3800379986409,48.211410453703394,CR/LWAL+CDN/HBET:3-5,533.91,771348319.5600001,5138.442145167201,Res,AUT.9_1,Vienna
Res_121,16.3800379986409,48.211410453703394,MUR+CL/LWAL+CDN/H:2,28640.30622464036,6513664844.669957,45939.87643210359,Res,AUT.9_1,Vienna
Res_122,16.3800379986409,48.211410453703394,MUR+CL/LWAL+CDN/H:1,36253.64866746588,11716816712.8383,58151.897082838994,Res,AUT.9_1,Vienna
Res_123,16.3800379986409,48.211410453703394,MIX/LH+CDN/H:2,2799.0,670080600.0,4489.676650972072,Res,AUT.9_1,Vienna
Res_124,16.3800379986409,48.211410453703394,MIX/LH+CDM/H:2,526.4546753965327,126033249.28992993,844.4484687112877,Res,AUT.9_1,Vienna
Res_125,16.3800379986409,48.211410453703394,MIX/LH+CDL/H:2,1033.0,247300200.0,1656.961765078296,Res,AUT.9_1,Vienna
Res_126,16.3800379986409,48.211410453703394,MIX(MUR+W)/LWAL+CDN/H:2,677.5600000000002,162207864.00000003,1086.825763355712,Res,AUT.9_1,Vienna
Res_127,16.3800379986409,48.211410453703394,MIX(MUR+W)/LWAL+CDN/H:1,928.82,315984564.0,1489.854043213962,Res,AUT.9_1,Vienna
Res_128,16.3800379986409,48.211410453703394,MIX(MUR+W)/LWAL+CDM/H:2,53.89917373662856,12903462.192548877,86.45582773563,Res,AUT.9_1,Vienna
Res_129,16.3800379986409,48.211410453703394,MIX(MUR+W)/LWAL+CDM/H:1,71.71607156030986,24397807.54481741,115.0346452246393,Res,AUT.9_1,Vienna
Res_130,16.3800379986409,48.211410453703394,MIX(MUR+W)/LWAL+CDL/H:2,105.76,25318944.0,169.6420873907847,Res,AUT.9_1,Vienna
Res_131,16.3800379986409,48.211410453703394,MIX(MUR+W)/LWAL+CDL/H:1,140.72,47872944.0,225.71893473554485,Res,AUT.9_1,Vienna
Res_132,16.3800379986409,48.211410453703394,CR/LWAL+CDN/HBET:6-,1642.8,7036418026.511999,50182.81651926367,Res,AUT.9_1,Vienna
Res_133,16.3800379986409,48.211410453703394,W/LWAL+CDH/HBET:3-5,80.5735568056068,105319629.86597198,775.4538406771807,Res,AUT.9_1,Vienna
Res_134,16.3800379986409,48.211410453703394,CR/LWAL+CDM/HBET:6-,75.91547768351164,325160114.23394865,2318.999566328172,Res,AUT.9_1,Vienna
Res_135,16.3800379986409,48.211410453703394,CR/LWAL+CDM/HBET:3-5,113.87321652526742,164514457.88551825,1095.9355228394004,Res,AUT.9_1,Vienna
Res_136,16.3800379986409,48.211410453703394,CR/LWAL+CDL/HBET:6-/3.0,744.8000000000003,3190116962.592001,22751.498504716088,Res,AUT.9_1,Vienna
Res_137,16.3800379986409,48.211410453703394,CR/LWAL+CDL/HBET:3-5/3.0,242.06,349707954.96000004,2329.627288605145,Res,AUT.9_1,Vienna
Res_138,16.3800379986409,48.211410453703394,CR/LWAL+CDH/HBET:6-,9.489434710438957,40645014.27924358,289.8749457910216,Res,AUT.9_1,Vienna
Res_139,16.3800379986409,48.211410453703394,CR/LWAL+CDH/HBET:3-5,9.489434710438957,13709538.157126527,91.32796023661673,Res,AUT.9_1,Vienna
Res_140,16.3800379986409,48.211410453703394,CR/LFINF+CDN/HBET:6-,25930.160000000003,111063699326.96643,792091.8319912044,Res,AUT.9_1,Vienna
Res_141,16.3800379986409,48.211410453703394,CR/LFINF+CDN/HBET:3-5,28509.96,41188795371.36,274384.7839917422,Res,AUT.9_1,Vienna
Res_142,16.3800379986409,48.211410453703394,CR/LFINF+CDN/H:2,348.6424428255257,87638250.85305241,559.2325241484916,Res,AUT.9_1,Vienna
Res_143,16.3800379986409,48.211410453703394,CR/LFINF+CDM/HBET:6-,2875.9816303946886,12318364370.60297,87852.96960729819,Res,AUT.9_1,Vienna
Res_144,16.3800379986409,48.211410453703394,CR/LFINF+CDM/HBET:3-5,4473.85566027296,6463450854.08691,43057.160338149515,Res,AUT.9_1,Vienna
Res_145,16.3800379986409,48.211410453703394,CR/LFINF+CDL/HBET:6-/3.0,3468.68,14857001753.2272,105958.20063552444,Res,AUT.9_1,Vienna
Res_146,16.3800379986409,48.211410453703394,CR/LFINF+CDL/HBET:3-5/3.0,5387.839999999998,7783898653.439999,51853.503638099384,Res,AUT.9_1,Vienna
Res_147,16.3800379986409,48.211410453703394,CR/LFINF+CDH/HBET:6-,40.159369236444114,172010049.6887429,1226.753261457169,Res,AUT.9_1,Vienna
Res_148,16.3800379986409,48.211410453703394,CR+PC/LWAL+CDN/HBET:6-,1478.52,6332776223.8608,45164.534867337316,Res,AUT.9_1,Vienna
Res_149,16.3800379986409,48.211410453703394,CR+PC/LWAL+CDH/HBET:3-5,9.489434710438957,13709538.157126527,91.32796023661673,Res,AUT.9_1,Vienna
Res_150,16.3800379986409,48.211410453703394,CR+PC/LWAL+CDH/HBET:6-,170.80982478790116,731610257.0263842,5217.7490242383865,Res,AUT.9_1,Vienna
Res_151,16.3800379986409,48.211410453703394,CR+PC/LWAL+CDL/HBET:3-5/3.0,204.82,295906731.12,1971.2230903581988,Res,AUT.9_1,Vienna
Res_152,16.3800379986409,48.211410453703394,CR+PC/LWAL+CDN/HBET:3-5,451.77,652679347.3199999,4347.912584372246,Res,AUT.9_1,Vienna
Res_153,16.3800379986409,48.211410453703394,CR+PC/LWAL+CDM/HBET:3-5,208.767563629657,301609839.45678353,2009.215125205568,Res,AUT.9_1,Vienna
Res_154,16.3800379986409,48.211410453703394,CR+PC/LWAL+CDM/HBET:6-,351.1090842862413,1503865528.332012,10725.372994267791,Res,AUT.9_1,Vienna
Res_155,16.3800379986409,48.211410453703394,W/LWAL+CDN/HBET:3-5,3011.84,3936848348.16,28986.468862730384,Res,AUT.9_1,Vienna
Res_156,16.3800379986409,48.211410453703394,CR+PC/LWAL+CDL/HBET:6-/3.0,670.3199999999998,2871105266.3327994,20476.348654244466,Res,AUT.9_1,Vienna
Res_157,16.3800379986409,48.211410453703394,W/LWAL+CDN/H:2,3938.56,895746700.8,6317.563726492521,Res,AUT.9_1,Vienna
Res_158,16.3800379986409,48.211410453703394,W/LWAL+CDN/H:1,4633.5999999999985,1497533183.9999995,7432.427913520609,Res,AUT.9_1,Vienna
Res_159,16.3800379986409,48.211410453703394,W/LWAL+CDM/HBET:3-5,268.578522685356,351065432.88657326,2584.846135590602,Res,AUT.9_1,Vienna
Res_160,16.3800379986409,48.211410453703394,W/LWAL+CDM/H:2,456.5834885651052,103840782.80436188,732.3730717506704,Res,AUT.9_1,Vienna
Res_161,16.3800379986409,48.211410453703394,W/LWAL+CDM/H:1,537.157045370712,173603785.49336043,861.6153785302008,Res,AUT.9_1,Vienna
Res_162,13.0831716842997,47.38810950931,CR/LWAL+CDM/HBET:3-5,17.291205211726385,13878267.127035832,253.671957416281,Res,AUT.5_1,Salzburg
Res_163,13.0831716842997,47.38810950931,CR/LWAL+CDM/H:2,152.16260586319217,21249507.908794787,372.05220421054537,Res,AUT.5_1,Salzburg
Res_164,13.0831716842997,47.38810950931,CR/LWAL+CDM/H:1,145.24612377850158,28824093.26384364,355.1407403827933,Res,AUT.5_1,Salzburg
Res_165,13.0831716842997,47.38810950931,CR/LWAL+CDL/HBET:3-5/3.0,18.76,15057151.2,275.2200244493135,Res,AUT.5_1,Salzburg
Res_166,13.0831716842997,47.38810950931,CR/LWAL+CDL/H:2/3.0,117.92,16467528.0,288.32573989928073,Res,AUT.5_1,Salzburg
Res_167,13.0831716842997,47.38810950931,CR/LWAL+CDL/H:1/3.0,112.56,22337532.0,275.2200244493135,Res,AUT.5_1,Salzburg
Res_168,13.0831716842997,47.38810950931,CR/LWAL+CDH/HBET:3-5,6.9164820846905535,5551306.850814332,101.4687829665124,Res,AUT.5_1,Salzburg
Res_169,13.0831716842997,47.38810950931,CR/LFINF+CDN/HBET:3-5,10212.58,8196820959.599998,149824.4412201796,Res,AUT.5_1,Salzburg
Res_170,13.0831716842997,47.38810950931,CR/LFINF+CDM/HBET:3-5,3347.887022217901,2687081081.772532,49115.434334133795,Res,AUT.5_1,Salzburg
Res_171,13.0831716842997,47.38810950931,CR/LFINF+CDM/H:2,530.3496523895183,74063328.95619623,1296.755901717556,Res,AUT.5_1,Salzburg
Res_172,13.0831716842997,47.38810950931,CR/LFINF+CDL/HBET:3-5/3.0,2594.48,2082381537.6,38062.51860518416,Res,AUT.5_1,Salzburg
Res_173,13.0831716842997,47.38810950931,CR+PC/LWAL+CDN/HBET:3-5,36.26000000000001,29103001.20000001,531.9551218833744,Res,AUT.5_1,Salzburg
Res_174,13.0831716842997,47.38810950931,CR+PC/LWAL+CDM/HBET:3-5,17.291205211726385,13878267.127035832,253.671957416281,Res,AUT.5_1,Salzburg
Res_175,13.0831716842997,47.38810950931,CR+PC/LWAL+CDL/HBET:3-5/3.0,18.76,15057151.2,275.2200244493135,Res,AUT.5_1,Salzburg
Res_176,13.0831716842997,47.38810950931,MIX(MUR+W)/LWAL+CDM/H:1,773.3814128056782,146169087.02027318,1890.9919273367389,Res,AUT.5_1,Salzburg
Res_177,13.0831716842997,47.38810950931,MIX(MUR+W)/LWAL+CDN/H:1,3370.08,636945120.0,8240.169687243622,Res,AUT.5_1,Salzburg
Res_178,13.0831716842997,47.38810950931,W/LWAL+CDN/HBET:3-5,745.64,541468855.2,10938.969031470473,Res,AUT.5_1,Salzburg
Res_179,13.0831716842997,47.38810950931,W/LWAL+CDN/H:2,2343.44,296093644.0,5729.936159341676,Res,AUT.5_1,Salzburg
Res_180,13.0831716842997,47.38810950931,W/LWAL+CDN/H:1,2236.92,401638986.0,5469.4845157352365,Res,AUT.5_1,Salzburg
Res_181,13.0831716842997,47.38810950931,W/LWAL+CDM/HBET:3-5,110.0701346686762,79930730.39369929,1614.7923856424459,Res,AUT.5_1,Salzburg
Res_182,13.0831716842997,47.38810950931,W/LWAL+CDM/H:2,484.30859254217523,61192390.66770384,1184.1810828044604,Res,AUT.5_1,Salzburg
Res_183,13.0831716842997,47.38810950931,W/LWAL+CDM/H:1,462.29456560844,83004989.2549954,1130.3546699497122,Res,AUT.5_1,Salzburg
Res_184,13.0831716842997,47.38810950931,W/LWAL+CDL/HBET:3-5,119.42000000000002,86720415.60000001,1751.9603048900324,Res,AUT.5_1,Salzburg
Res_185,13.0831716842997,47.38810950931,W/LWAL+CDL/H:2,375.32,47421682.0,917.6934930376359,Res,AUT.5_1,Salzburg
Res_186,13.0831716842997,47.38810950931,MUR+CL/LWAL+CDN/H:2,47991.041542126506,6063668098.847684,117342.71167885634,Res,AUT.5_1,Salzburg
Res_187,13.0831716842997,47.38810950931,W/LWAL+CDL/H:1,358.26,64325583.0,875.9801524450162,Res,AUT.5_1,Salzburg
Res_188,13.0831716842997,47.38810950931,W/LWAL+CDH/HBET:3-5,44.02805386747046,31972292.157479696,645.916954256978,Res,AUT.5_1,Salzburg
Res_189,13.0831716842997,47.38810950931,CR+PC/LWAL+CDH/HBET:3-5,6.9164820846905535,5551306.850814332,101.4687829665124,Res,AUT.5_1,Salzburg
Res_190,13.0831716842997,47.38810950931,MUR+CL/LWAL+CDN/H:1,43722.03965384802,7850292219.8484125,106904.59152901477,Res,AUT.5_1,Salzburg
Res_191,13.0831716842997,47.38810950931,MIX/LH+CDN/H:2,1555.0,206815000.0,3802.1245381901417,Res,AUT.5_1,Salzburg
Res_192,13.0831716842997,47.38810950931,MIX/LH+CDM/H:2,651.6461665613301,86668940.15265691,1593.3375434729091,Res,AUT.5_1,Salzburg
Res_193,13.9642948307182,48.138165991736706,MIX(MUR+W)/LWAL+CDN/H:2,3232.24,429887920.0,7104.2054851143575,Res,AUT.4_1,Upper Austria
Res_194,13.9642948307182,48.138165991736706,MIX(MUR+W)/LWAL+CDN/H:1,3085.320000000001,583125480.0000002,6781.287053972799,Res,AUT.4_1,Upper Austria
Res_195,13.9642948307182,48.138165991736706,MIX(MUR+W)/LWAL+CDM/H:2,640.7635047519855,85221546.13201407,1408.3470302700775,Res,AUT.4_1,Upper Austria
Res_196,13.9642948307182,48.138165991736706,MIX(MUR+W)/LWAL+CDM/H:1,611.6378908996222,115599561.38002862,1344.331256166892,Res,AUT.4_1,Upper Austria
Res_197,13.9642948307182,48.138165991736706,CR+PC/LWAL+CDH/HBET:3-5,26.54268356984768,21303688.686831146,350.03219725001844,Res,AUT.4_1,Upper Austria
Res_198,13.9642948307182,48.138165991736706,MIX(MUR+W)/LWAL+CDL/H:2,520.96,69287680.0,1145.028490930493,Res,AUT.4_1,Upper Austria
Res_199,13.9642948307182,48.138165991736706,MIX(MUR+W)/LWAL+CDL/H:1,497.28,93985920.0,1092.9817413427431,Res,AUT.4_1,Upper Austria
Res_200,13.9642948307182,48.138165991736706,CR/LWAL+CDN/HBET:3-5,111.09000000000002,89163055.80000001,1465.0017090463964,Res,AUT.4_1,Upper Austria
Res_201,13.9642948307182,48.138165991736706,CR/LWAL+CDN/H:2,698.28,97514802.0,1534.7636951914626,Res,AUT.4_1,Upper Austria
Res_202,13.9642948307182,48.138165991736706,CR/LWAL+CDN/H:1,666.54,132274863.0,1465.0017090463964,Res,AUT.4_1,Upper Austria
Res_203,13.9642948307182,48.138165991736706,CR/LWAL+CDM/HBET:3-5,66.35670892461921,53259221.71707786,875.0804931250466,Res,AUT.4_1,Upper Austria
Res_204,13.9642948307182,48.138165991736706,CR/LWAL+CDM/H:2,583.9390385366487,81547086.731643,1283.4513899167346,Res,AUT.4_1,Upper Austria
Res_205,13.9642948307182,48.138165991736706,CR/LWAL+CDM/H:1,557.3963549668011,110615306.64316168,1225.1126903750646,Res,AUT.4_1,Upper Austria
Res_206,13.9642948307182,48.138165991736706,CR/LWAL+CDL/HBET:3-5/3.0,75.53,60621888.6,996.0534619162331,Res,AUT.4_1,Upper Austria
Res_207,13.9642948307182,48.138165991736706,CR/LWAL+CDL/H:2/3.0,474.76,66300234.0,1043.4845791503394,Res,AUT.4_1,Upper Austria
Res_208,13.9642948307182,48.138165991736706,CR/LWAL+CDL/H:1/3.0,453.18,89933571.0,996.0534619162331,Res,AUT.4_1,Upper Austria
Res_209,13.9642948307182,48.138165991736706,CR/LWAL+CDH/HBET:3-5,26.54268356984768,21303688.686831146,350.03219725001844,Res,AUT.4_1,Upper Austria
Res_210,13.9642948307182,48.138165991736706,CR/LFINF+CDN/HBET:3-5,32014.36,25695365623.2,422190.0451348149,Res,AUT.4_1,Upper Austria
Res_211,13.9642948307182,48.138165991736706,CR/LFINF+CDM/HBET:3-5,9568.379133901835,7679772460.452291,126183.20086389474,Res,AUT.4_1,Upper Austria
Res_212,13.9642948307182,48.138165991736706,CR/LFINF+CDM/H:2,1592.8070075510998,222435498.60451108,3500.862646267948,Res,AUT.4_1,Upper Austria
Res_213,13.9642948307182,48.138165991736706,CR/LFINF+CDL/HBET:3-5/3.0,7779.38,6243885975.599999,102590.73719795981,Res,AUT.4_1,Upper Austria
Res_214,13.9642948307182,48.138165991736706,CR+PC/LWAL+CDN/HBET:3-5,111.09000000000002,89163055.80000001,1465.0017090463964,Res,AUT.4_1,Upper Austria
Res_215,13.9642948307182,48.138165991736706,CR+PC/LWAL+CDM/HBET:3-5,66.35670892461921,53259221.71707786,875.0804931250466,Res,AUT.4_1,Upper Austria
Res_216,13.9642948307182,48.138165991736706,CR+PC/LWAL+CDL/HBET:3-5/3.0,75.53,60621888.6,996.0534619162331,Res,AUT.4_1,Upper Austria
Res_217,13.9642948307182,48.138165991736706,MIX/LH+CDL/H:2,1295.0,172235000.0,2846.3066180800606,Res,AUT.4_1,Upper Austria
Res_218,13.9642948307182,48.138165991736706,MIX/LH+CDM/H:2,1592.8070075510998,211843332.00429627,3500.862646267948,Res,AUT.4_1,Upper Austria
Res_219,13.9642948307182,48.138165991736706,MIX/LH+CDN/H:2,3324.0,442092000.0,7305.886639766888,Res,AUT.4_1,Upper Austria
Res_220,13.9642948307182,48.138165991736706,MUR+CL/LWAL+CDN/H:1,143892.11951080585,25835830058.165188,316263.39154685225,Res,AUT.4_1,Upper Austria
Res_221,13.9642948307182,48.138165991736706,MUR+CL/LWAL+CDN/H:2,157529.12520179662,19903804969.246998,346236.4413916881,Res,AUT.4_1,Upper Austria
Res_222,13.9642948307182,48.138165991736706,W/LWAL+CDH/HBET:3-5,108.82746256997784,79028326.7690665,1435.1644491511413,Res,AUT.4_1,Upper Austria
Res_223,13.9642948307182,48.138165991736706,W/LWAL+CDL/H:2,973.28,122973928.0,2139.1917415019007,Res,AUT.4_1,Upper Austria
Res_224,13.9642948307182,48.138165991736706,W/LWAL+CDL/HBET:3-5,309.68,224883422.4,4083.911506503629,Res,AUT.4_1,Upper Austria
Res_225,13.9642948307182,48.138165991736706,W/LWAL+CDM/H:1,1142.6883569847673,205169694.49661496,2511.537786014497,Res,AUT.4_1,Upper Austria
Res_226,13.9642948307182,48.138165991736706,W/LWAL+CDM/H:2,1197.1020882697565,151253848.85288373,2631.13482344376,Res,AUT.4_1,Upper Austria
Res_227,13.9642948307182,48.138165991736706,W/LWAL+CDM/HBET:3-5,272.0686564249446,197570816.92266628,3587.911122877853,Res,AUT.4_1,Upper Austria
Res_228,13.9642948307182,48.138165991736706,W/LWAL+CDN/H:1,3077.34,552536397.0,6763.7476510289525,Res,AUT.4_1,Upper Austria
Res_229,13.9642948307182,48.138165991736706,W/LWAL+CDN/H:2,3223.88,407337238.0,7085.830872506523,Res,AUT.4_1,Upper Austria
Res_230,13.9642948307182,48.138165991736706,W/LWAL+CDN/HBET:3-5,1025.7800000000002,744900920.4000001,13527.495302057907,Res,AUT.4_1,Upper Austria
Res_231,13.9642948307182,48.138165991736706,W/LWAL+CDL/H:1,929.04,166809132.0,2041.9557532518145,Res,AUT.4_1,Upper Austria
Res_232,9.896366157945529,47.2401489240956,CR/LWAL+CDL/H:1/3.0,97.02,19253619.0,219.51774156497552,Res,AUT.8_1,Vorarlberg
Res_233,9.896366157945529,47.2401489240956,CR/LWAL+CDH/HBET:3-5,7.5394723183391,6051331.272145327,102.35299541827145,Res,AUT.8_1,Vorarlberg
Res_234,9.896366157945529,47.2401489240956,CR/LFINF+CDN/HBET:3-5,6604.220000000001,5300679056.400001,89656.36729735574,Res,AUT.8_1,Vorarlberg
Res_235,9.896366157945529,47.2401489240956,CR/LFINF+CDM/HBET:3-5,2608.657422145329,2093760620.162284,35414.13641472192,Res,AUT.8_1,Vorarlberg
Res_236,9.896366157945529,47.2401489240956,CR/LFINF+CDM/H:2,691.9342560553633,96628618.85813148,1565.5725128913093,Res,AUT.8_1,Vorarlberg
Res_237,9.896366157945529,47.2401489240956,CR/LFINF+CDL/HBET:3-5/3.0,1598.5200000000007,1283004122.4000006,21700.89673756616,Res,AUT.8_1,Vorarlberg
Res_238,9.896366157945529,47.2401489240956,CR+PC/LWAL+CDN/HBET:3-5,49.91000000000001,40058764.2,677.5590897654872,Res,AUT.8_1,Vorarlberg
Res_239,9.896366157945529,47.2401489240956,CR+PC/LWAL+CDM/HBET:3-5,18.848680795847763,15128328.180363325,255.88248854567868,Res,AUT.8_1,Vorarlberg
Res_240,13.0831716842997,47.38810950931,MIX/LH+CDL/H:2,505.0,67165000.0,1234.7735638495315,Res,AUT.5_1,Salzburg
Res_241,13.0831716842997,47.38810950931,MIX(MUR+W)/LWAL+CDN/H:2,3530.5600000000004,469564480.00000006,8632.558719969511,Res,AUT.5_1,Salzburg
Res_242,13.0831716842997,47.38810950931,MIX(MUR+W)/LWAL+CDM/H:2,810.2090991297583,107757810.18425786,1981.0391619718218,Res,AUT.5_1,Salzburg
Res_243,13.0831716842997,47.38810950931,MIX(MUR+W)/LWAL+CDL/H:2,627.88,83508040.0,1535.2269807323646,Res,AUT.5_1,Salzburg
Res_244,13.0831716842997,47.38810950931,MIX(MUR+W)/LWAL+CDL/H:1,599.3399999999998,113275259.99999996,1465.44393615362,Res,AUT.5_1,Salzburg
Res_245,13.0831716842997,47.38810950931,CR/LWAL+CDN/HBET:3-5,36.26000000000001,29103001.20000001,531.9551218833744,Res,AUT.5_1,Salzburg
Res_246,13.0831716842997,47.38810950931,CR/LWAL+CDN/H:2,227.92,31829028.0,557.2863181635352,Res,AUT.5_1,Salzburg
Res_247,13.0831716842997,47.38810950931,CR/LWAL+CDN/H:1,217.56,43174782.0,531.9551218833744,Res,AUT.5_1,Salzburg
Res_248,9.896366157945529,47.2401489240956,CR+PC/LWAL+CDH/HBET:3-5,7.5394723183391,6051331.272145327,102.35299541827145,Res,AUT.8_1,Vorarlberg
Res_249,9.896366157945529,47.2401489240956,CR+PC/LWAL+CDL/HBET:3-5/3.0,16.17,12978365.400000002,219.51774156497552,Res,AUT.8_1,Vorarlberg
Res_250,9.896366157945529,47.2401489240956,W/LWAL+CDN/HBET:3-5,1507.1,1094425877.9999998,20459.81374845853,Res,AUT.8_1,Vorarlberg
Res_251,9.896366157945529,47.2401489240956,W/LWAL+CDN/H:2,4736.5999999999985,598469409.9999998,10717.045296811613,Res,AUT.8_1,Vorarlberg
Res_252,9.896366157945529,47.2401489240956,W/LWAL+CDN/H:1,4521.3,811799415.0,10229.90687422927,Res,AUT.8_1,Vorarlberg
Res_253,9.896366157945529,47.2401489240956,W/LWAL+CDM/HBET:3-5,197.7887543252596,143630237.61591703,2685.104555128681,Res,AUT.8_1,Vorarlberg
Res_254,9.896366157945529,47.2401489240956,W/LWAL+CDM/H:2,870.2705190311418,109958680.07958476,1969.0766737610315,Res,AUT.8_1,Vorarlberg
Res_255,9.896366157945529,47.2401489240956,W/LWAL+CDM/H:1,830.7127681660901,149154477.52422148,1879.573188590076,Res,AUT.8_1,Vorarlberg
Res_256,9.896366157945529,47.2401489240956,W/LWAL+CDL/HBET:3-5,169.68,123218222.4,2303.51084655195,Res,AUT.8_1,Vorarlberg
Res_257,9.896366157945529,47.2401489240956,W/LWAL+CDL/H:2,533.28,67379928.0,1206.6009196224502,Res,AUT.8_1,Vorarlberg
Res_258,9.896366157945529,47.2401489240956,W/LWAL+CDL/H:1,509.04,91398132.0,1151.755423275975,Res,AUT.8_1,Vorarlberg
Res_259,9.896366157945529,47.2401489240956,W/LWAL+CDH/HBET:3-5,79.11550173010382,57452095.0463668,1074.041822051472,Res,AUT.8_1,Vorarlberg
Res_260,9.896366157945529,47.2401489240956,MUR+CL/LWAL+CDN/H:2,29618.54569204152,3742303248.189446,67015.00988204482,Res,AUT.8_1,Vorarlberg
Res_261,9.896366157945529,47.2401489240956,MUR+CL/LWAL+CDN/H:1,26295.384524221452,4721336291.323961,59496.015505459705,Res,AUT.8_1,Vorarlberg
Res_262,9.896366157945529,47.2401489240956,MIX/LH+CDN/H:2,1661.0,220913000.0,3758.183557404909,Res,AUT.8_1,Vorarlberg
Res_263,9.896366157945529,47.2401489240956,MIX/LH+CDM/H:2,957.9372837370242,127405658.73702422,2167.4317572339587,Res,AUT.8_1,Vorarlberg
Res_264,9.896366157945529,47.2401489240956,MIX/LH+CDL/H:2,587.0,78071000.0,1328.1479519546547,Res,AUT.8_1,Vorarlberg
Res_265,9.896366157945529,47.2401489240956,MIX(MUR+W)/LWAL+CDN/H:2,4116.2,547454600.0,9313.326405171636,Res,AUT.8_1,Vorarlberg
Res_266,9.896366157945529,47.2401489240956,MIX(MUR+W)/LWAL+CDN/H:1,3929.1,742599900.0,8889.993386754742,Res,AUT.8_1,Vorarlberg
Res_267,9.896366157945529,47.2401489240956,MIX(MUR+W)/LWAL+CDM/H:2,1435.3719204152246,190904465.4152249,3247.6767911289617,Res,AUT.8_1,Vorarlberg
Res_268,9.896366157945529,47.2401489240956,MIX(MUR+W)/LWAL+CDM/H:1,1370.1277422145329,258954143.27854672,3100.055118804918,Res,AUT.8_1,Vorarlberg
Res_269,9.896366157945529,47.2401489240956,MIX(MUR+W)/LWAL+CDL/H:2,879.56,116981480.0,1990.095081126467,Res,AUT.8_1,Vorarlberg
Res_270,9.896366157945529,47.2401489240956,MIX(MUR+W)/LWAL+CDL/H:1,839.58,158680620.0,1899.636213802537,Res,AUT.8_1,Vorarlberg
Res_271,9.896366157945529,47.2401489240956,CR/LWAL+CDN/HBET:3-5,49.91000000000001,40058764.2,677.5590897654872,Res,AUT.8_1,Vorarlberg
Res_272,9.896366157945529,47.2401489240956,CR/LWAL+CDN/H:2,313.72,43810998.00000001,709.8238083257485,Res,AUT.8_1,Vorarlberg
Res_273,9.896366157945529,47.2401489240956,CR/LWAL+CDN/H:1,299.46,59427836.99999999,677.5590897654871,Res,AUT.8_1,Vorarlberg
Res_274,9.896366157945529,47.2401489240956,CR/LWAL+CDM/HBET:3-5,18.848680795847763,15128328.180363325,255.88248854567868,Res,AUT.8_1,Vorarlberg
Res_275,9.896366157945529,47.2401489240956,CR/LWAL+CDM/H:2,165.86839100346018,23163520.80363321,375.29431653366186,Res,AUT.8_1,Vorarlberg
Res_276,9.896366157945529,47.2401489240956,CR/LWAL+CDM/H:1,158.3289186851211,31420373.91306228,358.23548396394995,Res,AUT.8_1,Vorarlberg
Res_277,9.896366157945529,47.2401489240956,CR/LWAL+CDL/HBET:3-5/3.0,16.17,12978365.400000002,219.51774156497552,Res,AUT.8_1,Vorarlberg
Res_278,9.896366157945529,47.2401489240956,CR/LWAL+CDL/H:2/3.0,101.64,14194026.0,229.97096735378383,Res,AUT.8_1,Vorarlberg
Res_279,13.9149653680866,46.773590447297,W/LWAL+CDN/H:1,2850.96,511889868.0,5517.351073716786,Res,AUT.2_1,Carinthia
Res_280,13.9149653680866,46.773590447297,W/LWAL+CDM/HBET:3-5,142.8745341614907,103752629.2173913,1658.996894651667,Res,AUT.2_1,Carinthia
Res_281,13.9149653680866,46.773590447297,W/LWAL+CDM/H:2,628.6479503105588,79429668.52173911,1216.5977227445555,Res,AUT.2_1,Carinthia
Res_282,13.9149653680866,46.773590447297,W/LWAL+CDM/H:1,600.0730434782607,107743114.95652172,1161.2978262561667,Res,AUT.2_1,Carinthia
Res_283,13.9149653680866,46.773590447297,W/LWAL+CDL/HBET:3-5,185.08,134401394.4,2149.0683911177343,Res,AUT.2_1,Carinthia
Res_284,13.9149653680866,46.773590447297,W/LWAL+CDL/H:2,581.68,73495268.0,1125.7024905854798,Res,AUT.2_1,Carinthia
Res_285,13.9149653680866,46.773590447297,W/LWAL+CDL/H:1,555.24,99693342.0,1074.5341955588672,Res,AUT.2_1,Carinthia
Res_286,13.9149653680866,46.773590447297,W/LWAL+CDH/HBET:3-5,57.14981366459626,41501051.68695651,663.5987578606668,Res,AUT.2_1,Carinthia
Res_287,13.9149653680866,46.773590447297,MUR+CL/LWAL+CDN/H:2,66514.51354037266,8404108785.826086,128722.92936404744,Res,AUT.2_1,Carinthia
Res_288,13.9149653680866,46.773590447297,MUR+CL/LWAL+CDN/H:1,59797.03565217389,10736557751.347822,115722.8578656321,Res,AUT.2_1,Carinthia
Res_289,13.9149653680866,46.773590447297,MIX/LH+CDN/H:2,1897.0,252301000.0,3671.189699904854,Res,AUT.2_1,Carinthia
Res_290,13.9149653680866,46.773590447297,MIX/LH+CDM/H:2,693.8385093167703,92280521.73913044,1342.758454823967,Res,AUT.2_1,Carinthia
Res_291,13.9149653680866,46.773590447297,MIX/LH+CDL/H:2,642.0,85386000.0,1242.4374208428655,Res,AUT.2_1,Carinthia
Res_292,13.9149653680866,46.773590447297,MIX(MUR+W)/LWAL+CDN/H:2,3433.76,456690080.0,6645.221056376011,Res,AUT.2_1,Carinthia
Res_293,13.9149653680866,46.773590447297,MIX(MUR+W)/LWAL+CDN/H:1,3277.680000000001,619481520.0000001,6343.1655538134655,Res,AUT.2_1,Carinthia
Res_294,13.9149653680866,46.773590447297,MIX(MUR+W)/LWAL+CDM/H:2,676.6762732919258,89997944.34782611,1309.5450525457663,Res,AUT.2_1,Carinthia
Res_295,13.9149653680866,46.773590447297,MIX(MUR+W)/LWAL+CDM/H:1,645.9182608695653,122078551.30434784,1250.02027743005,Res,AUT.2_1,Carinthia
Res_296,13.9149653680866,46.773590447297,W/LWAL+CDN/HBET:3-5,950.32,690103377.6,11034.702147433572,Res,AUT.2_1,Carinthia
Res_297,13.9149653680866,46.773590447297,MIX(MUR+W)/LWAL+CDL/H:2,626.12,83273960.0,1211.705479654416,Res,AUT.2_1,Carinthia
Res_298,13.9149653680866,46.773590447297,MIX(MUR+W)/LWAL+CDL/H:1,597.66,112957740.0,1156.6279578519425,Res,AUT.2_1,Carinthia
Res_299,13.9149653680866,46.773590447297,CR/LWAL+CDN/HBET:3-5,62.51000000000001,50171776.20000001,725.8389081952107,Res,AUT.2_1,Carinthia
Res_300,13.9149653680866,46.773590447297,CR/LWAL+CDN/H:2,392.92,54871278.0,760.4026657283157,Res,AUT.2_1,Carinthia
Res_301,13.9149653680866,46.773590447297,CR/LWAL+CDN/H:1,375.06,74430657.0,725.8389081952106,Res,AUT.2_1,Carinthia
Res_302,13.9149653680866,46.773590447297,CR/LWAL+CDM/HBET:3-5,26.208074534161497,21035124.7826087,304.3167526119738,Res,AUT.2_1,Carinthia
Res_303,13.9149653680866,46.773590447297,CR/LWAL+CDM/H:2,230.6310559006212,32207626.95652175,446.3312371642283,Res,AUT.2_1,Carinthia
Res_304,13.9149653680866,46.773590447297,CR/LWAL+CDM/H:1,220.14782608695648,43688336.08695652,426.0434536567632,Res,AUT.2_1,Carinthia
Res_305,13.9149653680866,46.773590447297,CR/LWAL+CDL/HBET:3-5/9.0,33.95,27248949.000000004,394.2126209122925,Res,AUT.2_1,Carinthia
Res_306,13.9149653680866,46.773590447297,CR/LWAL+CDL/H:2/9.0,213.4,29801310.0,412.98465047954437,Res,AUT.2_1,Carinthia
Res_307,13.9149653680866,46.773590447297,CR/LWAL+CDL/H:1/9.0,203.7,40424265.0,394.2126209122924,Res,AUT.2_1,Carinthia
Res_308,13.9149653680866,46.773590447297,CR/LWAL+CDH/HBET:3-5,10.483229813664597,8414049.913043479,121.72670104478951,Res,AUT.2_1,Carinthia
Res_309,13.9149653680866,46.773590447297,CR/LFINF+CDN/HBET:3-5,14672.14,11776153006.8,170366.50261537798,Res,AUT.2_1,Carinthia
Res_310,13.9149653680866,46.773590447297,CR/LFINF+CDM/HBET:3-5,3514.9513043478264,2821170215.8956532,40814.0844202073,Res,AUT.2_1,Carinthia
Res_311,13.9149653680866,46.773590447297,CR/LFINF+CDM/H:2,782.4596273291925,109270486.95652172,1514.2634288045974,Res,AUT.2_1,Carinthia
Res_312,13.9149653680866,46.773590447297,CR/LFINF+CDL/HBET:3-5/9.0,3252.34,2610393130.8,37764.75627386996,Res,AUT.2_1,Carinthia
Res_313,13.9149653680866,46.773590447297,CR+PC/LWAL+CDN/HBET:3-5,62.51000000000001,50171776.20000001,725.8389081952107,Res,AUT.2_1,Carinthia
Res_314,13.9149653680866,46.773590447297,CR+PC/LWAL+CDM/HBET:3-5,26.208074534161497,21035124.7826087,304.3167526119738,Res,AUT.2_1,Carinthia
Res_315,13.9149653680866,46.773590447297,CR+PC/LWAL+CDL/HBET:3-5/9.0,33.95,27248949.000000004,394.2126209122925,Res,AUT.2_1,Carinthia
Res_316,13.9149653680866,46.773590447297,CR+PC/LWAL+CDH/HBET:3-5,10.483229813664597,8414049.913043479,121.72670104478951,Res,AUT.2_1,Carinthia
Res_317,13.9149653680866,46.773590447297,W/LWAL+CDN/H:2,2986.720000000001,377372072.0000001,5780.082077227109,Res,AUT.2_1,Carinthia
Res_318,11.6014869999999,47.253741399999896,W/LWAL+CDN/H:1,3572.0999999999995,641370554.9999999,8537.873891157986,Res,AUT.7_1,Tyrol
Res_319,11.6014869999999,47.253741399999896,W/LWAL+CDN/H:2,3742.2,472826970.0,8944.439314546462,Res,AUT.7_1,Tyrol
Res_320,11.6014869999999,47.253741399999896,CR+PC/LWAL+CDH/HBET:3-5,12.265430423639383,9844479.76662144,175.89770417032932,Res,AUT.7_1,Tyrol
Res_321,11.6014869999999,47.253741399999896,CR+PC/LWAL+CDL/HBET:3-5/5.0,29.050000000000004,23316111.0,416.60407581782067,Res,AUT.7_1,Tyrol
Res_322,11.6014869999999,47.253741399999896,CR+PC/LWAL+CDM/HBET:3-5,30.66357605909845,24611199.4165536,439.7442604258232,Res,AUT.7_1,Tyrol
Res_323,11.6014869999999,47.253741399999896,CR+PC/LWAL+CDN/HBET:3-5,58.31,46800772.2,836.2197473644449,Res,AUT.7_1,Tyrol
Res_324,11.6014869999999,47.253741399999896,CR/LFINF+CDL/HBET:3-5/5.0,3342.9200000000005,2683094450.400001,47940.588541580364,Res,AUT.7_1,Tyrol
Res_325,11.6014869999999,47.253741399999896,CR/LFINF+CDM/H:2,740.3591135232926,103391150.20352782,1769.573288942469,Res,AUT.7_1,Tyrol
Res_326,11.6014869999999,47.253741399999896,CR/LFINF+CDM/HBET:3-5,4940.042490577415,3964976903.7872453,70844.81364157551,Res,AUT.7_1,Tyrol
Res_327,11.6014869999999,47.253741399999896,CR/LFINF+CDN/HBET:3-5,13622.42,10933626740.4,195358.1994665128,Res,AUT.7_1,Tyrol
Res_328,11.6014869999999,47.253741399999896,CR/LWAL+CDH/HBET:3-5,12.265430423639383,9844479.76662144,175.89770417032932,Res,AUT.7_1,Tyrol
Res_329,11.6014869999999,47.253741399999896,CR/LWAL+CDL/H:1/5.0,174.29999999999995,34589834.99999999,416.6040758178206,Res,AUT.7_1,Tyrol
Res_330,11.6014869999999,47.253741399999896,CR/LWAL+CDL/H:2/5.0,182.6,25500090.0,436.44236514247876,Res,AUT.7_1,Tyrol
Res_331,11.6014869999999,47.253741399999896,CR/LWAL+CDL/HBET:3-5/5.0,29.050000000000004,23316111.0,416.60407581782067,Res,AUT.7_1,Tyrol
Res_332,11.6014869999999,47.253741399999896,CR/LWAL+CDM/H:1,257.5740388964269,51115568.01899592,615.6419645961521,Res,AUT.7_1,Tyrol
Res_333,11.6014869999999,47.253741399999896,CR/LWAL+CDM/H:2,269.8394693200664,37683081.89054728,644.9582486245408,Res,AUT.7_1,Tyrol
Res_334,11.6014869999999,47.253741399999896,CR/LWAL+CDM/HBET:3-5,30.66357605909845,24611199.4165536,439.7442604258232,Res,AUT.7_1,Tyrol
Res_335,11.6014869999999,47.253741399999896,CR/LWAL+CDN/H:1,349.86,69429717.0,836.2197473644449,Res,AUT.7_1,Tyrol
Res_336,11.6014869999999,47.253741399999896,CR/LWAL+CDN/H:2,366.52,51184518.0,876.0397353341802,Res,AUT.7_1,Tyrol
Res_337,11.6014869999999,47.253741399999896,CR/LWAL+CDN/HBET:3-5,58.31,46800772.2,836.2197473644449,Res,AUT.7_1,Tyrol
Res_338,11.6014869999999,47.253741399999896,W/LWAL+CDN/HBET:3-5,1190.7000000000005,864662526.0000004,17075.747782315982,Res,AUT.7_1,Tyrol
Res_339,11.6014869999999,47.253741399999896,MIX(MUR+W)/LWAL+CDL/H:2,706.2,93924600.0,1687.927701334165,Res,AUT.7_1,Tyrol
Res_340,11.6014869999999,47.253741399999896,MIX(MUR+W)/LWAL+CDM/H:1,996.1598371777477,188274209.22659436,2380.976754642951,Res,AUT.7_1,Tyrol
Res_341,11.6014869999999,47.253741399999896,MIX(MUR+W)/LWAL+CDM/H:2,1043.5960199004974,138798270.64676616,2494.356600102138,Res,AUT.7_1,Tyrol
Res_342,11.6014869999999,47.253741399999896,MIX(MUR+W)/LWAL+CDN/H:1,4945.08,934620120.0,11819.50937031089,Res,AUT.7_1,Tyrol
Res_343,11.6014869999999,47.253741399999896,MIX(MUR+W)/LWAL+CDN/H:2,5180.56,689014480.0,12382.343149849507,Res,AUT.7_1,Tyrol
Res_344,11.6014869999999,47.253741399999896,MIX/LH+CDL/H:2,882.0,117306000.0,2108.117010162466,Res,AUT.7_1,Tyrol
Res_345,11.6014869999999,47.253741399999896,MIX/LH+CDM/H:2,1303.3867028493894,173350431.47896883,3115.296688317879,Res,AUT.7_1,Tyrol
Res_346,11.6014869999999,47.253741399999896,MIX/LH+CDN/H:2,2604.0,346332000.0,6223.964506193946,Res,AUT.7_1,Tyrol
Res_347,11.6014869999999,47.253741399999896,MUR+CL/LWAL+CDN/H:1,59100.807634554505,10611550010.784262,141260.1109849706,Res,AUT.7_1,Tyrol
Res_348,11.6014869999999,47.253741399999896,MUR+CL/LWAL+CDN/H:2,65176.131807628524,8235004253.893864,155781.07950142026,Res,AUT.7_1,Tyrol
Res_349,11.6014869999999,47.253741399999896,W/LWAL+CDH/HBET:3-5,50.59859490426655,36743687.64758028,725.631010938804,Res,AUT.7_1,Tyrol
Res_350,11.6014869999999,47.253741399999896,W/LWAL+CDL/H:1,359.52,64551816.0,859.3086479519383,Res,AUT.7_1,Tyrol
Res_351,11.6014869999999,47.253741399999896,W/LWAL+CDL/H:2,376.64,47588464.0,900.2281073782215,Res,AUT.7_1,Tyrol
Res_352,11.6014869999999,47.253741399999896,W/LWAL+CDL/HBET:3-5,119.84000000000002,87025411.2,1718.617295903877,Res,AUT.7_1,Tyrol
Res_353,11.6014869999999,47.253741399999896,W/LWAL+CDM/H:1,531.2852464947987,95392266.00814109,1269.8542691429068,Res,AUT.7_1,Tyrol
Res_354,11.6014869999999,47.253741399999896,W/LWAL+CDM/H:2,556.5845439469322,70324457.12769488,1330.3235200544746,Res,AUT.7_1,Tyrol
Res_355,11.6014869999999,47.253741399999896,W/LWAL+CDM/HBET:3-5,126.49648726066636,91859219.11895071,1814.0775273470097,Res,AUT.7_1,Tyrol
Res_356,11.6014869999999,47.253741399999896,MIX(MUR+W)/LWAL+CDL/H:1,674.0999999999998,127404899.99999996,1611.2037149098844,Res,AUT.7_1,Tyrol
